"ticketid","userid","categoryid","subject","status","createdat","updatedat","priority","organizationname","createdby","assignedto","escalation_level","current_sla_target","resolution_method","bot_attempted","partner_id","odoo_customer_id","odoo_ticket_id","sla_time","raise_date","end_date","country","source_device","enddate","escalationlevel","escalationreason","escalationtimestamp","escalatedto","slabreachstatus","autoescalated","escalationhistory","currentassignedrole","slatarget","originalslatarget","device_type","operating_system","browser","browser_version","os_version","device_brand","device_model","device_fingerprint","user_agent","ip_address","sla_id"
16,NULL,3,"Technical Glitches Support Request","closed","2025-06-09 09:18:39.943","2025-08-04 18:59:21.722","medium",NULL,NULL,NULL,0,"2025-08-04 22:59:21.721796",NULL,NULL,NULL,NULL,NULL,24,"2025-06-09 09:18:39.943333",NULL,"India","web","2025-06-09 09:18:47.733333","normal",NULL,NULL,NULL,"Breached",NULL,NULL,"bot","2025-06-09 17:18:39.943","2025-06-09 17:18:39.943",NULL,NULL,NULL,NULL,NULL,NULL,NULL,NULL,NULL,NULL,1
22,8,4,"General Inquiries Support Request","closed","2025-06-11 07:31:25.02","2025-08-04 18:59:21.722","medium","you cloud","Pranav Reddy",NULL,0,"2025-08-04 22:59:21.721796",NULL,NULL,NULL,NULL,NULL,24,"2025-06-11 07:31:25.02",NULL,"India","web","2025-06-11 07:31:49.866667","normal",NULL,NULL,NULL,"Breached",NULL,NULL,"bot","2025-06-11 15:31:25.02","2025-06-11 15:31:25.02",NULL,NULL,NULL,NULL,NULL,NULL,NULL,NULL,NULL,NULL,1
24,8,3,"Technical Glitches Support Request","closed","2025-06-12 06:47:37.973","2025-08-04 18:59:21.722","medium","you cloud","Pranav Reddy",NULL,0,"2025-08-04 22:59:21.721796",NULL,NULL,NULL,44,49,24,"2025-06-12 06:47:37.973333",NULL,"India","web","2025-06-12 06:48:06.176667","normal",NULL,NULL,NULL,"Breached",NULL,NULL,"bot","2025-06-12 14:47:37.973","2025-06-12 14:47:37.973",NULL,NULL,NULL,NULL,NULL,NULL,NULL,NULL,NULL,NULL,1
28,10,8,"Software Installation Help","resolved","2025-06-12 16:25:55.377","2025-08-04 18:59:21.722","low","XYZ Solutions","Bob Johnson","7",0,"2025-08-04 22:59:21.721796",NULL,NULL,NULL,43,48,24,"2025-06-12 16:25:55.376667",NULL,"India","web","2025-06-12 16:25:55.376667","normal",NULL,NULL,NULL,"Breached",NULL,NULL,"bot","2025-06-13 16:25:55.377","2025-06-13 16:25:55.377",NULL,NULL,NULL,NULL,NULL,NULL,NULL,NULL,NULL,NULL,1
77,8,4,"General Inquiries Support Request","escalated","2025-07-11 12:17:05.6","2025-08-04 18:59:21.722","medium","you cloud","Pranav Reddy",NULL,1,"2025-08-04 22:59:21.721796","human",False,NULL,NULL,NULL,24,"2025-07-11 17:47:05.613333",NULL,"India","web",NULL,"supervisor","SLA breached - automatic escalation","2025-07-22 07:02:00.25","supervisor_auto","Breached",True,"[{""ticketId"": ""TCK-77"", ""escalationLevel"": 1, ""escalatedTo"": ""supervisor_auto"", ""escalationReason"": ""SLA breached - automatic escalation"", ""escalationTimestamp"": ""2025-07-22T07:02:00.251379Z"", ""autoEscalated"": true, ""previousLevel"": ""normal"", ""previousRole"": ""bot"", ""slaBreach"": ""Breached""}]","supervisor","2025-07-11 20:17:05.593","2025-07-11 20:17:05.593","desktop","Windows","Chrome","138.0.0.0","10.0",NULL,NULL,"desktop_Chrome_Windows","Mozilla/5.0 (Windows NT 10.0; Win64; x64) AppleWebKit/537.36 (KHTML, like Gecko) Chrome/138.0.0.0 Safari/537.36","127.0.0.1",1
78,8,3,"Technical Glitches Support Request","escalated","2025-07-16 07:07:02.37","2025-08-04 18:59:21.722","medium","you cloud","Pranav Reddy",NULL,1,"2025-08-04 22:59:21.721796","human",False,NULL,9,1,24,"2025-07-16 12:37:02.4",NULL,"India","web",NULL,"supervisor","SLA breached - automatic escalation","2025-07-22 07:02:00.25","supervisor_auto","Breached",True,"[{""ticketId"": ""TCK-78"", ""escalationLevel"": 1, ""escalatedTo"": ""supervisor_auto"", ""escalationReason"": ""SLA breached - automatic escalation"", ""escalationTimestamp"": ""2025-07-22T07:02:00.251379Z"", ""autoEscalated"": true, ""previousLevel"": ""normal"", ""previousRole"": ""bot"", ""slaBreach"": ""Breached""}]","supervisor","2025-07-16 15:07:02.363","2025-07-16 15:07:02.363","desktop","Windows","Chrome","138.0.0.0","10.0",NULL,NULL,"desktop_Chrome_Windows","Mozilla/5.0 (Windows NT 10.0; Win64; x64) AppleWebKit/537.36 (KHTML, like Gecko) Chrome/138.0.0.0 Safari/537.36","127.0.0.1",1
79,8,1,"Payments Support Request","escalated","2025-07-16 10:42:21.1","2025-08-04 18:59:21.722","medium","you cloud","Pranav Reddy",NULL,1,"2025-08-04 22:59:21.721796","human",False,NULL,10,2,24,"2025-07-16 16:12:21.113333",NULL,"India","web",NULL,"supervisor","SLA breached - automatic escalation","2025-07-22 07:02:00.25","supervisor_auto","Breached",True,"[{""ticketId"": ""TCK-79"", ""escalationLevel"": 1, ""escalatedTo"": ""supervisor_auto"", ""escalationReason"": ""SLA breached - automatic escalation"", ""escalationTimestamp"": ""2025-07-22T07:02:00.251379Z"", ""autoEscalated"": true, ""previousLevel"": ""normal"", ""previousRole"": ""bot"", ""slaBreach"": ""Breached""}]","supervisor","2025-07-16 18:42:21.097","2025-07-16 18:42:21.097","desktop","Windows","Chrome","138.0.0.0","10.0",NULL,NULL,"desktop_Chrome_Windows","Mozilla/5.0 (Windows NT 10.0; Win64; x64) AppleWebKit/537.36 (KHTML, like Gecko) Chrome/138.0.0.0 Safari/537.36","127.0.0.1",1
83,NULL,3,"Swagger Test","open","2025-07-31 10:22:00.377","2025-08-04 18:59:21.722","high","YC","Pranav",NULL,NULL,"2025-08-04 22:59:21.721796",NULL,NULL,NULL,NULL,NULL,NULL,NULL,NULL,NULL,NULL,NULL,NULL,NULL,NULL,NULL,NULL,NULL,NULL,NULL,NULL,NULL,NULL,NULL,NULL,NULL,NULL,NULL,NULL,NULL,NULL,NULL,1
84,NULL,1,"Test Ticket Subject","closed","2025-07-31 10:22:00.38","2025-08-04 18:59:21.722","medium","TestOrg","Test User",NULL,NULL,"2025-08-04 22:59:21.721796",NULL,NULL,NULL,NULL,NULL,NULL,NULL,NULL,NULL,NULL,NULL,NULL,NULL,NULL,NULL,NULL,NULL,NULL,NULL,NULL,NULL,NULL,NULL,NULL,NULL,NULL,NULL,NULL,NULL,NULL,NULL,1
85,26,4,"General Enquiries","closed","2025-07-31 10:22:00.383","2025-08-04 18:59:21.722","medium","Yc","pranav",NULL,NULL,"2025-08-04 22:59:21.721796",NULL,NULL,NULL,NULL,NULL,NULL,NULL,NULL,NULL,NULL,NULL,NULL,NULL,NULL,NULL,NULL,NULL,NULL,NULL,NULL,NULL,NULL,NULL,NULL,NULL,NULL,NULL,NULL,NULL,NULL,NULL,1
86,NULL,8,"TEch support","closed","2025-07-31 10:29:29.99","2025-08-04 18:59:21.722","medium","YC","Swagger",NULL,NULL,"2025-08-04 22:59:21.721796",NULL,NULL,NULL,NULL,NULL,NULL,NULL,NULL,NULL,NULL,NULL,NULL,NULL,NULL,NULL,NULL,NULL,NULL,NULL,NULL,NULL,NULL,NULL,NULL,NULL,NULL,NULL,NULL,NULL,NULL,NULL,1
87,26,12,"bug report","open","2025-08-01 04:42:48.44","2025-08-04 18:59:21.722","low","idk","pranav",NULL,NULL,"2025-08-04 22:59:21.721796",NULL,NULL,NULL,NULL,NULL,NULL,NULL,NULL,NULL,NULL,NULL,NULL,NULL,NULL,NULL,NULL,NULL,NULL,NULL,NULL,NULL,NULL,NULL,NULL,NULL,NULL,NULL,NULL,NULL,NULL,NULL,1
88,26,12,"bug report","closed","2025-08-01 04:42:48.947","2025-08-04 18:59:21.722","low","idk","pranav",NULL,NULL,"2025-08-04 22:59:21.721796",NULL,NULL,NULL,NULL,NULL,NULL,NULL,NULL,NULL,NULL,NULL,NULL,NULL,NULL,NULL,NULL,NULL,NULL,NULL,NULL,NULL,NULL,NULL,NULL,NULL,NULL,NULL,NULL,NULL,NULL,NULL,1
89,NULL,3,"Technical Glitches","open","2025-08-05 04:42:11.011","2025-08-05 04:42:11.011","medium","yc","gokul",NULL,NULL,"2025-08-05 08:42:11.01091",NULL,NULL,NULL,NULL,NULL,24,"2025-08-05 10:12:10.998153",NULL,NULL,"web",NULL,"normal",NULL,NULL,NULL,"Within SLA",False,NULL,"bot",NULL,NULL,NULL,NULL,NULL,NULL,NULL,NULL,NULL,NULL,NULL,NULL,NULL
44,8,7,"Billing Questions Support Request","escalated","2025-06-19 10:16:13.44","2025-06-19 10:16:13.44","medium","you cloud","Pranav Reddy",NULL,1,"2025-06-19 18:16:13.44","human",False,NULL,48,54,24,"2025-06-19 10:16:13.44",NULL,"India","web",NULL,"normal","SLA breached - automatic escalation","2025-07-01 20:06:18.713","supervisor_auto","Breached",True,"[{""ticketId"": ""TCK-44"", ""escalationLevel"": 1, ""escalatedTo"": ""supervisor_auto"", ""escalationReason"": ""SLA breached - automatic escalation"", ""escalationTimestamp"": ""2025-07-01T20:06:18.714521Z"", ""autoEscalated"": true, ""previousLevel"": ""normal"", ""previousRole"": ""bot"", ""slaBreach"": ""Breached""}]","supervisor","2025-06-19 18:16:13.44","2025-06-19 18:16:13.44",NULL,NULL,NULL,NULL,NULL,NULL,NULL,NULL,NULL,NULL,1
45,8,3,"Technical Glitches Support Request","escalated","2025-06-19 10:34:21.62","2025-06-19 10:34:21.62","medium","you cloud","Pranav Reddy",NULL,1,"2025-06-19 18:34:21.62","human",False,NULL,49,55,24,"2025-06-19 10:34:21.62",NULL,"India","web",NULL,"normal","SLA breached - automatic escalation","2025-07-01 20:06:18.713","supervisor_auto","Breached",True,"[{""ticketId"": ""TCK-45"", ""escalationLevel"": 1, ""escalatedTo"": ""supervisor_auto"", ""escalationReason"": ""SLA breached - automatic escalation"", ""escalationTimestamp"": ""2025-07-01T20:06:18.714521Z"", ""autoEscalated"": true, ""previousLevel"": ""normal"", ""previousRole"": ""bot"", ""slaBreach"": ""Breached""}]","supervisor","2025-06-19 18:34:21.62","2025-06-19 18:34:21.62",NULL,NULL,NULL,NULL,NULL,NULL,NULL,NULL,NULL,NULL,1
46,8,2,"Product Issues Support Request","escalated","2025-06-19 11:22:14.593","2025-06-19 11:22:14.593","medium","you cloud","Pranav Reddy",NULL,1,"2025-06-19 19:22:14.593","human",False,NULL,50,56,24,"2025-06-19 11:22:14.593333",NULL,"India","web",NULL,"normal","SLA breached - automatic escalation","2025-07-01 20:06:18.713","supervisor_auto","Breached",True,"[{""ticketId"": ""TCK-46"", ""escalationLevel"": 1, ""escalatedTo"": ""supervisor_auto"", ""escalationReason"": ""SLA breached - automatic escalation"", ""escalationTimestamp"": ""2025-07-01T20:06:18.714521Z"", ""autoEscalated"": true, ""previousLevel"": ""normal"", ""previousRole"": ""bot"", ""slaBreach"": ""Breached""}]","supervisor","2025-06-19 19:22:14.593","2025-06-19 19:22:14.593",NULL,NULL,NULL,NULL,NULL,NULL,NULL,NULL,NULL,NULL,1
80,26,1,"payments","open","2025-07-31 10:22:00.365","2025-08-04 18:59:21.722","medium","YC","pranav",NULL,NULL,"2025-08-04 22:59:21.721796",NULL,NULL,NULL,NULL,NULL,NULL,NULL,NULL,NULL,NULL,NULL,NULL,NULL,NULL,NULL,NULL,NULL,NULL,NULL,NULL,NULL,NULL,NULL,NULL,NULL,NULL,NULL,NULL,NULL,NULL,NULL,1
73,NULL,1,"Debug Test Ticket","escalated","2025-07-04 10:00:31.347","2025-07-04 21:39:24.913","medium","Unknown","Anonymous",NULL,1,"2025-07-04 18:00:31.347","human",False,NULL,NULL,NULL,24,"2025-07-04 15:30:31.36",NULL,"India","web",NULL,"supervisor","SLA breached - automatic escalation","2025-07-04 21:39:24.913","supervisor_auto","Breached",True,"[{""ticketId"": ""TCK-73"", ""escalationLevel"": 1, ""escalatedTo"": ""supervisor_auto"", ""escalationReason"": ""SLA breached - automatic escalation"", ""escalationTimestamp"": ""2025-07-04T21:39:24.912481Z"", ""autoEscalated"": true, ""previousLevel"": ""normal"", ""previousRole"": ""bot"", ""slaBreach"": ""Breached""}]","supervisor","2025-07-04 18:00:31.347","2025-07-04 18:00:31.347","desktop","Windows","Chrome","120.0.0.0","10.0",NULL,NULL,"desktop_Chrome_Windows","Mozilla/5.0 (Windows NT 10.0; Win64; x64) AppleWebKit/537.36 (KHTML, like Gecko) Chrome/120.0.0.0 Safari/537.36","192.168.1.100",1
74,NULL,1,"API Test Ticket","escalated","2025-07-04 10:00:31.82","2025-07-04 21:39:24.913","medium","Unknown","Anonymous",NULL,1,"2025-07-04 18:00:31.82","human",False,NULL,NULL,NULL,24,"2025-07-04 15:30:31.826667",NULL,"India","web",NULL,"supervisor","SLA breached - automatic escalation","2025-07-04 21:39:24.913","supervisor_auto","Breached",True,"[{""ticketId"": ""TCK-74"", ""escalationLevel"": 1, ""escalatedTo"": ""supervisor_auto"", ""escalationReason"": ""SLA breached - automatic escalation"", ""escalationTimestamp"": ""2025-07-04T21:39:24.912481Z"", ""autoEscalated"": true, ""previousLevel"": ""normal"", ""previousRole"": ""bot"", ""slaBreach"": ""Breached""}]","supervisor","2025-07-04 18:00:31.82","2025-07-04 18:00:31.82","desktop","Windows","Unknown","0.0","10.0",NULL,NULL,"desktop_Unknown_Windows","Mozilla/5.0 (Windows NT 10.0; Win64; x64) AppleWebKit/537.36","127.0.0.1",1
2,NULL,2,"Product Issues Support Request","closed","2025-06-08 18:34:46.783","2025-08-04 18:59:21.722","medium",NULL,NULL,NULL,0,"2025-08-04 22:59:21.721796",NULL,NULL,NULL,NULL,NULL,24,"2025-06-08 18:34:46.783333",NULL,"India","web","2025-06-08 18:35:16.216667","normal",NULL,NULL,NULL,"Breached",NULL,NULL,"bot","2025-06-09 02:34:46.783","2025-06-09 02:34:46.783",NULL,NULL,NULL,NULL,NULL,NULL,NULL,NULL,NULL,NULL,1
50,13,1,"Critical System Outage","closed","2025-07-01 09:31:58.507","2025-08-04 18:59:21.722","critical","ABC Corporation","John Doe",NULL,1,"2025-08-04 22:59:21.721796",NULL,False,NULL,NULL,NULL,24,"2025-07-01 15:01:58.516667",NULL,"India","web","2025-07-01 18:57:37.559656","admin",NULL,NULL,NULL,"Breached",NULL,"[{""level"": ""admin"", ""timestamp"": ""2025-07-02T01:20:17.177"", ""reason"": ""Initial escalation level"", ""auto"": false}]","admin","2025-07-01 10:31:58.507","2025-07-01 10:31:58.507",NULL,NULL,NULL,NULL,NULL,NULL,NULL,NULL,NULL,NULL,1
1,NULL,1,"Test Support Ticket","escalated","2025-06-08 23:59:47.393","2025-07-01 11:42:13.787","medium",NULL,NULL,NULL,1,"2025-06-09 07:59:47.393",NULL,NULL,1,NULL,NULL,24,"2025-06-08 23:59:47.393333",NULL,"India","web",NULL,"normal","SLA breached - automatic escalation","2025-07-01 20:06:18.713","supervisor_auto","Breached",True,"[{""ticketId"": ""TCK-1"", ""escalationLevel"": 1, ""escalatedTo"": ""supervisor_auto"", ""escalationReason"": ""SLA breached - automatic escalation"", ""escalationTimestamp"": ""2025-07-01T20:06:18.714521Z"", ""autoEscalated"": true, ""previousLevel"": ""normal"", ""previousRole"": ""bot"", ""slaBreach"": ""Breached""}]","supervisor","2025-06-09 07:59:47.393","2025-06-09 07:59:47.393",NULL,NULL,NULL,NULL,NULL,NULL,NULL,NULL,NULL,NULL,1
3,NULL,2,"Product Issues Support Request","escalated","2025-06-08 18:43:05.967","2025-06-08 18:43:05.967","medium",NULL,NULL,NULL,1,"2025-06-09 02:43:05.967",NULL,NULL,NULL,NULL,NULL,24,"2025-06-08 18:43:05.966667",NULL,"India","web",NULL,"normal","SLA breached - automatic escalation","2025-07-01 20:06:18.713","supervisor_auto","Breached",True,"[{""ticketId"": ""TCK-3"", ""escalationLevel"": 1, ""escalatedTo"": ""supervisor_auto"", ""escalationReason"": ""SLA breached - automatic escalation"", ""escalationTimestamp"": ""2025-07-01T20:06:18.714521Z"", ""autoEscalated"": true, ""previousLevel"": ""normal"", ""previousRole"": ""bot"", ""slaBreach"": ""Breached""}]","supervisor","2025-06-09 02:43:05.967","2025-06-09 02:43:05.967",NULL,NULL,NULL,NULL,NULL,NULL,NULL,NULL,NULL,NULL,1
4,NULL,2,"Product Issues Support Request","in_progress","2025-06-08 18:50:19.397","2025-07-04 21:39:24.913","medium",NULL,NULL,NULL,1,"2025-06-09 02:50:19.397",NULL,NULL,NULL,NULL,NULL,24,"2025-06-08 18:50:19.396667",NULL,"India","web",NULL,"admin","SLA breached - automatic escalation","2025-07-04 21:39:24.913","admin_auto","Breached",True,"[{""ticketId"": ""TCK-4"", ""escalationLevel"": 1, ""escalatedTo"": ""supervisor_auto"", ""escalationReason"": ""SLA breached - automatic escalation"", ""escalationTimestamp"": ""2025-07-01T20:06:18.714521Z"", ""autoEscalated"": true, ""previousLevel"": ""normal"", ""previousRole"": ""bot"", ""slaBreach"": ""Breached""}, {""ticketId"": ""TCK-4"", ""escalationLevel"": 1, ""escalatedTo"": ""supervisor_auto"", ""escalationReason"": ""SLA breached - automatic escalation"", ""escalationTimestamp"": ""2025-07-01T21:46:47.041956Z"", ""autoEscalated"": true, ""previousLevel"": ""normal"", ""previousRole"": ""supervisor"", ""slaBreach"": ""Breached""}, {""ticketId"": ""TCK-4"", ""escalationLevel"": 2, ""escalatedTo"": ""admin_auto"", ""escalationReason"": ""SLA breached - automatic escalation"", ""escalationTimestamp"": ""2025-07-04T21:39:24.912481Z"", ""autoEscalated"": true, ""previousLevel"": ""supervisor"", ""previousRole"": ""supervisor"", ""slaBreach"": ""Breached""}]","admin","2025-06-27 04:50:19.397","2025-06-09 02:50:19.397",NULL,NULL,NULL,NULL,NULL,NULL,NULL,NULL,NULL,NULL,1
5,NULL,1,"Payments Support Request","escalated","2025-06-08 20:12:28.717","2025-06-08 20:12:28.717","medium",NULL,NULL,NULL,1,"2025-06-09 04:12:28.717",NULL,NULL,NULL,NULL,NULL,24,"2025-06-08 20:12:28.716667",NULL,"India","web",NULL,"normal","SLA breached - automatic escalation","2025-07-01 20:06:18.713","supervisor_auto","Breached",True,"[{""ticketId"": ""TCK-5"", ""escalationLevel"": 1, ""escalatedTo"": ""supervisor_auto"", ""escalationReason"": ""SLA breached - automatic escalation"", ""escalationTimestamp"": ""2025-07-01T20:06:18.714521Z"", ""autoEscalated"": true, ""previousLevel"": ""normal"", ""previousRole"": ""bot"", ""slaBreach"": ""Breached""}]","supervisor","2025-06-09 04:12:28.717","2025-06-09 04:12:28.717",NULL,NULL,NULL,NULL,NULL,NULL,NULL,NULL,NULL,NULL,1
6,NULL,3,"Technical Glitches Support Request","in_progress","2025-06-08 20:13:33.697","2025-07-04 21:39:24.913","medium",NULL,NULL,NULL,1,"2025-06-09 04:13:33.697",NULL,NULL,NULL,NULL,NULL,24,"2025-06-08 20:13:33.696667",NULL,"India","web",NULL,"admin","SLA breached - automatic escalation","2025-07-04 21:39:24.913","admin_auto","Breached",True,"[{""ticketId"": ""TCK-6"", ""escalationLevel"": 1, ""escalatedTo"": ""supervisor_auto"", ""escalationReason"": ""SLA breached - automatic escalation"", ""escalationTimestamp"": ""2025-07-01T20:06:18.714521Z"", ""autoEscalated"": true, ""previousLevel"": ""normal"", ""previousRole"": ""bot"", ""slaBreach"": ""Breached""}, {""ticketId"": ""TCK-6"", ""escalationLevel"": 1, ""escalatedTo"": ""supervisor_auto"", ""escalationReason"": ""SLA breached - automatic escalation"", ""escalationTimestamp"": ""2025-07-01T21:46:47.041956Z"", ""autoEscalated"": true, ""previousLevel"": ""normal"", ""previousRole"": ""supervisor"", ""slaBreach"": ""Breached""}, {""ticketId"": ""TCK-6"", ""escalationLevel"": 2, ""escalatedTo"": ""admin_auto"", ""escalationReason"": ""SLA breached - automatic escalation"", ""escalationTimestamp"": ""2025-07-04T21:39:24.912481Z"", ""autoEscalated"": true, ""previousLevel"": ""supervisor"", ""previousRole"": ""supervisor"", ""slaBreach"": ""Breached""}]","admin","2025-06-27 06:13:33.697","2025-06-09 04:13:33.697",NULL,NULL,NULL,NULL,NULL,NULL,NULL,NULL,NULL,NULL,1
7,NULL,1,"Payments Support Request","in_progress","2025-06-08 20:54:37.823","2025-07-04 21:39:24.913","medium",NULL,NULL,NULL,1,"2025-06-09 04:54:37.823",NULL,NULL,NULL,NULL,NULL,24,"2025-06-08 20:54:37.823333",NULL,"India","web",NULL,"admin","SLA breached - automatic escalation","2025-07-04 21:39:24.913","admin_auto","Breached",True,"[{""ticketId"": ""TCK-7"", ""escalationLevel"": 1, ""escalatedTo"": ""supervisor_auto"", ""escalationReason"": ""SLA breached - automatic escalation"", ""escalationTimestamp"": ""2025-07-01T20:06:18.714521Z"", ""autoEscalated"": true, ""previousLevel"": ""normal"", ""previousRole"": ""bot"", ""slaBreach"": ""Breached""}, {""ticketId"": ""TCK-7"", ""escalationLevel"": 1, ""escalatedTo"": ""supervisor_auto"", ""escalationReason"": ""SLA breached - automatic escalation"", ""escalationTimestamp"": ""2025-07-01T21:46:47.041956Z"", ""autoEscalated"": true, ""previousLevel"": ""normal"", ""previousRole"": ""supervisor"", ""slaBreach"": ""Breached""}, {""ticketId"": ""TCK-7"", ""escalationLevel"": 2, ""escalatedTo"": ""admin_auto"", ""escalationReason"": ""SLA breached - automatic escalation"", ""escalationTimestamp"": ""2025-07-04T21:39:24.912481Z"", ""autoEscalated"": true, ""previousLevel"": ""supervisor"", ""previousRole"": ""supervisor"", ""slaBreach"": ""Breached""}]","admin","2025-06-27 06:54:37.823","2025-06-09 04:54:37.823",NULL,NULL,NULL,NULL,NULL,NULL,NULL,NULL,NULL,NULL,1
8,NULL,1,"Payments Support Request","escalated","2025-06-08 21:01:00.027","2025-06-08 21:01:00.027","medium",NULL,NULL,NULL,1,"2025-06-09 05:01:00.027",NULL,NULL,NULL,NULL,NULL,24,"2025-06-08 21:01:00.026667",NULL,"India","web",NULL,"normal","SLA breached - automatic escalation","2025-07-01 20:06:18.713","supervisor_auto","Breached",True,"[{""ticketId"": ""TCK-8"", ""escalationLevel"": 1, ""escalatedTo"": ""supervisor_auto"", ""escalationReason"": ""SLA breached - automatic escalation"", ""escalationTimestamp"": ""2025-07-01T20:06:18.714521Z"", ""autoEscalated"": true, ""previousLevel"": ""normal"", ""previousRole"": ""bot"", ""slaBreach"": ""Breached""}]","supervisor","2025-06-09 05:01:00.027","2025-06-09 05:01:00.027",NULL,NULL,NULL,NULL,NULL,NULL,NULL,NULL,NULL,NULL,1
9,NULL,1,"Payments Support Request","escalated","2025-06-08 21:02:27.077","2025-06-08 21:02:27.077","medium",NULL,NULL,NULL,1,"2025-06-09 05:02:27.077",NULL,NULL,NULL,NULL,NULL,24,"2025-06-08 21:02:27.076667",NULL,"India","web",NULL,"normal","SLA breached - automatic escalation","2025-07-01 20:06:18.713","supervisor_auto","Breached",True,"[{""ticketId"": ""TCK-9"", ""escalationLevel"": 1, ""escalatedTo"": ""supervisor_auto"", ""escalationReason"": ""SLA breached - automatic escalation"", ""escalationTimestamp"": ""2025-07-01T20:06:18.714521Z"", ""autoEscalated"": true, ""previousLevel"": ""normal"", ""previousRole"": ""bot"", ""slaBreach"": ""Breached""}]","supervisor","2025-06-09 05:02:27.077","2025-06-09 05:02:27.077",NULL,NULL,NULL,NULL,NULL,NULL,NULL,NULL,NULL,NULL,1
10,NULL,1,"Payments Support Request","escalated","2025-06-08 21:08:01.583","2025-06-08 21:08:01.583","medium",NULL,NULL,NULL,1,"2025-06-09 05:08:01.583",NULL,NULL,NULL,NULL,NULL,24,"2025-06-08 21:08:01.583333",NULL,"India","web",NULL,"normal","SLA breached - automatic escalation","2025-07-01 20:06:18.713","supervisor_auto","Breached",True,"[{""ticketId"": ""TCK-10"", ""escalationLevel"": 1, ""escalatedTo"": ""supervisor_auto"", ""escalationReason"": ""SLA breached - automatic escalation"", ""escalationTimestamp"": ""2025-07-01T20:06:18.714521Z"", ""autoEscalated"": true, ""previousLevel"": ""normal"", ""previousRole"": ""bot"", ""slaBreach"": ""Breached""}]","supervisor","2025-06-09 05:08:01.583","2025-06-09 05:08:01.583",NULL,NULL,NULL,NULL,NULL,NULL,NULL,NULL,NULL,NULL,1
11,NULL,1,"Payments Support Request","in_progress","2025-06-08 21:30:31.497","2025-07-04 21:39:24.913","medium",NULL,NULL,NULL,1,"2025-06-09 05:30:31.497",NULL,NULL,NULL,NULL,NULL,24,"2025-06-08 21:30:31.496667",NULL,"India","web",NULL,"admin","SLA breached - automatic escalation","2025-07-04 21:39:24.913","admin_auto","Breached",True,"[{""ticketId"": ""TCK-11"", ""escalationLevel"": 1, ""escalatedTo"": ""supervisor_auto"", ""escalationReason"": ""SLA breached - automatic escalation"", ""escalationTimestamp"": ""2025-07-01T20:06:18.714521Z"", ""autoEscalated"": true, ""previousLevel"": ""normal"", ""previousRole"": ""bot"", ""slaBreach"": ""Breached""}, {""ticketId"": ""TCK-11"", ""escalationLevel"": 1, ""escalatedTo"": ""supervisor_auto"", ""escalationReason"": ""SLA breached - automatic escalation"", ""escalationTimestamp"": ""2025-07-01T21:46:47.041956Z"", ""autoEscalated"": true, ""previousLevel"": ""normal"", ""previousRole"": ""supervisor"", ""slaBreach"": ""Breached""}, {""ticketId"": ""TCK-11"", ""escalationLevel"": 2, ""escalatedTo"": ""admin_auto"", ""escalationReason"": ""SLA breached - automatic escalation"", ""escalationTimestamp"": ""2025-07-04T21:39:24.912481Z"", ""autoEscalated"": true, ""previousLevel"": ""supervisor"", ""previousRole"": ""supervisor"", ""slaBreach"": ""Breached""}]","admin","2025-06-27 07:30:31.497","2025-06-09 05:30:31.497",NULL,NULL,NULL,NULL,NULL,NULL,NULL,NULL,NULL,NULL,1
12,NULL,1,"Payments Support Request","escalated","2025-06-08 22:27:01.107","2025-06-08 22:27:18.893","medium",NULL,NULL,NULL,1,"2025-06-09 06:27:01.107",NULL,NULL,NULL,NULL,NULL,24,"2025-06-08 22:27:01.106667",NULL,"India","web",NULL,"normal","SLA breached - automatic escalation","2025-07-01 20:06:18.713","supervisor_auto","Breached",True,"[{""ticketId"": ""TCK-12"", ""escalationLevel"": 1, ""escalatedTo"": ""supervisor_auto"", ""escalationReason"": ""SLA breached - automatic escalation"", ""escalationTimestamp"": ""2025-07-01T20:06:18.714521Z"", ""autoEscalated"": true, ""previousLevel"": ""normal"", ""previousRole"": ""bot"", ""slaBreach"": ""Breached""}]","supervisor","2025-06-09 06:27:01.107","2025-06-09 06:27:01.107",NULL,NULL,NULL,NULL,NULL,NULL,NULL,NULL,NULL,NULL,1
13,NULL,3,"Technical Glitches Support Request","in_progress","2025-06-08 22:37:50.903","2025-07-04 21:39:24.913","medium",NULL,NULL,NULL,1,"2025-06-09 06:37:50.903",NULL,NULL,NULL,NULL,NULL,24,"2025-06-08 22:37:50.903333",NULL,"India","web",NULL,"admin","SLA breached - automatic escalation","2025-07-04 21:39:24.913","admin_auto","Breached",True,"[{""ticketId"": ""TCK-13"", ""escalationLevel"": 1, ""escalatedTo"": ""supervisor_auto"", ""escalationReason"": ""SLA breached - automatic escalation"", ""escalationTimestamp"": ""2025-07-01T20:06:18.714521Z"", ""autoEscalated"": true, ""previousLevel"": ""normal"", ""previousRole"": ""bot"", ""slaBreach"": ""Breached""}, {""ticketId"": ""TCK-13"", ""escalationLevel"": 1, ""escalatedTo"": ""supervisor_auto"", ""escalationReason"": ""SLA breached - automatic escalation"", ""escalationTimestamp"": ""2025-07-01T21:46:47.041956Z"", ""autoEscalated"": true, ""previousLevel"": ""normal"", ""previousRole"": ""supervisor"", ""slaBreach"": ""Breached""}, {""ticketId"": ""TCK-13"", ""escalationLevel"": 2, ""escalatedTo"": ""admin_auto"", ""escalationReason"": ""SLA breached - automatic escalation"", ""escalationTimestamp"": ""2025-07-04T21:39:24.912481Z"", ""autoEscalated"": true, ""previousLevel"": ""supervisor"", ""previousRole"": ""supervisor"", ""slaBreach"": ""Breached""}]","admin","2025-06-27 08:37:50.903","2025-06-09 06:37:50.903",NULL,NULL,NULL,NULL,NULL,NULL,NULL,NULL,NULL,NULL,1
14,NULL,3,"Technical Glitches Support Request","in_progress","2025-06-09 06:49:39.31","2025-07-04 21:39:24.913","medium",NULL,NULL,NULL,1,"2025-06-09 14:49:39.31",NULL,NULL,NULL,NULL,NULL,24,"2025-06-09 06:49:39.31",NULL,"India","web",NULL,"admin","SLA breached - automatic escalation","2025-07-04 21:39:24.913","admin_auto","Breached",True,"[{""ticketId"": ""TCK-14"", ""escalationLevel"": 1, ""escalatedTo"": ""supervisor_auto"", ""escalationReason"": ""SLA breached - automatic escalation"", ""escalationTimestamp"": ""2025-07-01T20:06:18.714521Z"", ""autoEscalated"": true, ""previousLevel"": ""normal"", ""previousRole"": ""bot"", ""slaBreach"": ""Breached""}, {""ticketId"": ""TCK-14"", ""escalationLevel"": 1, ""escalatedTo"": ""supervisor_auto"", ""escalationReason"": ""SLA breached - automatic escalation"", ""escalationTimestamp"": ""2025-07-01T21:46:47.041956Z"", ""autoEscalated"": true, ""previousLevel"": ""normal"", ""previousRole"": ""supervisor"", ""slaBreach"": ""Breached""}, {""ticketId"": ""TCK-14"", ""escalationLevel"": 2, ""escalatedTo"": ""admin_auto"", ""escalationReason"": ""SLA breached - automatic escalation"", ""escalationTimestamp"": ""2025-07-04T21:39:24.912481Z"", ""autoEscalated"": true, ""previousLevel"": ""supervisor"", ""previousRole"": ""supervisor"", ""slaBreach"": ""Breached""}]","admin","2025-06-27 16:49:39.31","2025-06-09 14:49:39.31",NULL,NULL,NULL,NULL,NULL,NULL,NULL,NULL,NULL,NULL,1
15,NULL,2,"Product Issues Support Request","in_progress","2025-06-09 09:15:26.61","2025-07-04 21:39:24.913","medium",NULL,NULL,NULL,1,"2025-06-09 17:15:26.61",NULL,NULL,NULL,NULL,NULL,24,"2025-06-09 09:15:26.61",NULL,"India","web",NULL,"admin","SLA breached - automatic escalation","2025-07-04 21:39:24.913","admin_auto","Breached",True,"[{""ticketId"": ""TCK-15"", ""escalationLevel"": 1, ""escalatedTo"": ""supervisor_auto"", ""escalationReason"": ""SLA breached - automatic escalation"", ""escalationTimestamp"": ""2025-07-01T20:06:18.714521Z"", ""autoEscalated"": true, ""previousLevel"": ""normal"", ""previousRole"": ""bot"", ""slaBreach"": ""Breached""}, {""ticketId"": ""TCK-15"", ""escalationLevel"": 1, ""escalatedTo"": ""supervisor_auto"", ""escalationReason"": ""SLA breached - automatic escalation"", ""escalationTimestamp"": ""2025-07-01T21:46:47.041956Z"", ""autoEscalated"": true, ""previousLevel"": ""normal"", ""previousRole"": ""supervisor"", ""slaBreach"": ""Breached""}, {""ticketId"": ""TCK-15"", ""escalationLevel"": 2, ""escalatedTo"": ""admin_auto"", ""escalationReason"": ""SLA breached - automatic escalation"", ""escalationTimestamp"": ""2025-07-04T21:39:24.912481Z"", ""autoEscalated"": true, ""previousLevel"": ""supervisor"", ""previousRole"": ""supervisor"", ""slaBreach"": ""Breached""}]","admin","2025-06-27 19:15:26.61","2025-06-09 17:15:26.61",NULL,NULL,NULL,NULL,NULL,NULL,NULL,NULL,NULL,NULL,1
17,NULL,2,"Product Issues Support Request","escalated","2025-06-09 20:26:55.183","2025-06-09 20:26:55.183","medium",NULL,NULL,NULL,1,"2025-06-10 04:26:55.183",NULL,NULL,NULL,NULL,NULL,24,"2025-06-09 20:26:55.183333",NULL,"India","web",NULL,"normal","SLA breached - automatic escalation","2025-07-01 20:06:18.713","supervisor_auto","Breached",True,"[{""ticketId"": ""TCK-17"", ""escalationLevel"": 1, ""escalatedTo"": ""supervisor_auto"", ""escalationReason"": ""SLA breached - automatic escalation"", ""escalationTimestamp"": ""2025-07-01T20:06:18.714521Z"", ""autoEscalated"": true, ""previousLevel"": ""normal"", ""previousRole"": ""bot"", ""slaBreach"": ""Breached""}]","supervisor","2025-06-10 04:26:55.183","2025-06-10 04:26:55.183",NULL,NULL,NULL,NULL,NULL,NULL,NULL,NULL,NULL,NULL,1
18,NULL,3,"Technical Glitches Support Request","in_progress","2025-06-09 20:37:23.977","2025-07-04 21:39:24.913","medium",NULL,NULL,NULL,1,"2025-06-10 04:37:23.977",NULL,NULL,NULL,NULL,NULL,24,"2025-06-09 20:37:23.976667",NULL,"India","web",NULL,"admin","SLA breached - automatic escalation","2025-07-04 21:39:24.913","admin_auto","Breached",True,"[{""ticketId"": ""TCK-18"", ""escalationLevel"": 1, ""escalatedTo"": ""supervisor_auto"", ""escalationReason"": ""SLA breached - automatic escalation"", ""escalationTimestamp"": ""2025-07-01T20:06:18.714521Z"", ""autoEscalated"": true, ""previousLevel"": ""normal"", ""previousRole"": ""bot"", ""slaBreach"": ""Breached""}, {""ticketId"": ""TCK-18"", ""escalationLevel"": 1, ""escalatedTo"": ""supervisor_auto"", ""escalationReason"": ""SLA breached - automatic escalation"", ""escalationTimestamp"": ""2025-07-01T21:46:47.041956Z"", ""autoEscalated"": true, ""previousLevel"": ""normal"", ""previousRole"": ""supervisor"", ""slaBreach"": ""Breached""}, {""ticketId"": ""TCK-18"", ""escalationLevel"": 2, ""escalatedTo"": ""admin_auto"", ""escalationReason"": ""SLA breached - automatic escalation"", ""escalationTimestamp"": ""2025-07-04T21:39:24.912481Z"", ""autoEscalated"": true, ""previousLevel"": ""supervisor"", ""previousRole"": ""supervisor"", ""slaBreach"": ""Breached""}]","admin","2025-06-28 06:37:23.977","2025-06-10 04:37:23.977",NULL,NULL,NULL,NULL,NULL,NULL,NULL,NULL,NULL,NULL,1
19,8,2,"Product Issues Support Request","escalated","2025-06-09 23:57:10.85","2025-06-09 23:57:10.85","medium","you cloud","Pranav Reddy",NULL,1,"2025-06-10 07:57:10.85",NULL,NULL,NULL,NULL,NULL,24,"2025-06-09 23:57:10.85",NULL,"India","web",NULL,"normal","SLA breached - automatic escalation","2025-07-01 20:06:18.713","supervisor_auto","Breached",True,"[{""ticketId"": ""TCK-19"", ""escalationLevel"": 1, ""escalatedTo"": ""supervisor_auto"", ""escalationReason"": ""SLA breached - automatic escalation"", ""escalationTimestamp"": ""2025-07-01T20:06:18.714521Z"", ""autoEscalated"": true, ""previousLevel"": ""normal"", ""previousRole"": ""bot"", ""slaBreach"": ""Breached""}]","supervisor","2025-06-10 07:57:10.85","2025-06-10 07:57:10.85",NULL,NULL,NULL,NULL,NULL,NULL,NULL,NULL,NULL,NULL,1
20,8,2,"Product Issues Support Request","escalated","2025-06-09 23:57:10.9","2025-06-09 23:57:10.9","medium","you cloud","Pranav Reddy",NULL,1,"2025-06-10 07:57:10.9",NULL,NULL,NULL,NULL,NULL,24,"2025-06-09 23:57:10.9",NULL,"India","web",NULL,"normal","SLA breached - automatic escalation","2025-07-01 20:06:18.713","supervisor_auto","Breached",True,"[{""ticketId"": ""TCK-20"", ""escalationLevel"": 1, ""escalatedTo"": ""supervisor_auto"", ""escalationReason"": ""SLA breached - automatic escalation"", ""escalationTimestamp"": ""2025-07-01T20:06:18.714521Z"", ""autoEscalated"": true, ""previousLevel"": ""normal"", ""previousRole"": ""bot"", ""slaBreach"": ""Breached""}]","supervisor","2025-06-10 07:57:10.9","2025-06-10 07:57:10.9",NULL,NULL,NULL,NULL,NULL,NULL,NULL,NULL,NULL,NULL,1
21,8,2,"Product Issues Support Request","escalated","2025-06-10 12:45:42.337","2025-06-10 12:45:42.337","medium","you cloud","Pranav Reddy",NULL,1,"2025-06-10 20:45:42.337",NULL,NULL,NULL,NULL,NULL,24,"2025-06-10 12:45:42.336667",NULL,"India","web",NULL,"normal","SLA breached - automatic escalation","2025-07-01 20:06:18.713","supervisor_auto","Breached",True,"[{""ticketId"": ""TCK-21"", ""escalationLevel"": 1, ""escalatedTo"": ""supervisor_auto"", ""escalationReason"": ""SLA breached - automatic escalation"", ""escalationTimestamp"": ""2025-07-01T20:06:18.714521Z"", ""autoEscalated"": true, ""previousLevel"": ""normal"", ""previousRole"": ""bot"", ""slaBreach"": ""Breached""}]","supervisor","2025-06-10 20:45:42.337","2025-06-10 20:45:42.337",NULL,NULL,NULL,NULL,NULL,NULL,NULL,NULL,NULL,NULL,1
23,8,2,"Product Issues Support Request","escalated","2025-06-11 07:32:16.34","2025-06-11 07:32:53.59","medium","you cloud","Pranav Reddy",NULL,1,"2025-06-11 15:32:16.34",NULL,NULL,NULL,NULL,NULL,24,"2025-06-11 07:32:16.34",NULL,"India","web",NULL,"normal","SLA breached - automatic escalation","2025-07-01 20:06:18.713","supervisor_auto","Breached",True,"[{""ticketId"": ""TCK-23"", ""escalationLevel"": 1, ""escalatedTo"": ""supervisor_auto"", ""escalationReason"": ""SLA breached - automatic escalation"", ""escalationTimestamp"": ""2025-07-01T20:06:18.714521Z"", ""autoEscalated"": true, ""previousLevel"": ""normal"", ""previousRole"": ""bot"", ""slaBreach"": ""Breached""}]","supervisor","2025-06-11 15:32:16.34","2025-06-11 15:32:16.34",NULL,NULL,NULL,NULL,NULL,NULL,NULL,NULL,NULL,NULL,1
30,8,1,"Payments Support Request","escalated","2025-06-13 05:06:23.227","2025-06-13 05:06:23.227","medium","you cloud","Pranav Reddy",NULL,1,"2025-06-13 13:06:23.227",NULL,NULL,NULL,42,47,24,"2025-06-13 05:06:23.226667",NULL,"India","web",NULL,"normal","SLA breached - automatic escalation","2025-07-01 20:06:18.713","supervisor_auto","Breached",True,"[{""ticketId"": ""TCK-30"", ""escalationLevel"": 1, ""escalatedTo"": ""supervisor_auto"", ""escalationReason"": ""SLA breached - automatic escalation"", ""escalationTimestamp"": ""2025-07-01T20:06:18.714521Z"", ""autoEscalated"": true, ""previousLevel"": ""normal"", ""previousRole"": ""bot"", ""slaBreach"": ""Breached""}]","supervisor","2025-06-13 13:06:23.227","2025-06-13 13:06:23.227",NULL,NULL,NULL,NULL,NULL,NULL,NULL,NULL,NULL,NULL,1
34,8,3,"Technical Glitches Support Request","escalated","2025-06-17 12:18:10.767","2025-06-17 12:18:10.767","medium","you cloud","Pranav Reddy",NULL,1,"2025-06-17 20:18:10.767","human",False,NULL,41,46,24,"2025-06-17 12:18:10.766667",NULL,"India","web",NULL,"normal","SLA breached - automatic escalation","2025-07-01 20:06:18.713","supervisor_auto","Breached",True,"[{""ticketId"": ""TCK-34"", ""escalationLevel"": 1, ""escalatedTo"": ""supervisor_auto"", ""escalationReason"": ""SLA breached - automatic escalation"", ""escalationTimestamp"": ""2025-07-01T20:06:18.714521Z"", ""autoEscalated"": true, ""previousLevel"": ""normal"", ""previousRole"": ""bot"", ""slaBreach"": ""Breached""}]","supervisor","2025-06-17 20:18:10.767","2025-06-17 20:18:10.767",NULL,NULL,NULL,NULL,NULL,NULL,NULL,NULL,NULL,NULL,1
35,8,3,"Technical Glitches Support Request","escalated","2025-06-17 12:18:10.83","2025-06-17 12:18:10.83","medium","you cloud","Pranav Reddy",NULL,1,"2025-06-17 20:18:10.83","human",False,NULL,40,45,24,"2025-06-17 12:18:10.83",NULL,"India","web",NULL,"normal","SLA breached - automatic escalation","2025-07-01 20:06:18.713","supervisor_auto","Breached",True,"[{""ticketId"": ""TCK-35"", ""escalationLevel"": 1, ""escalatedTo"": ""supervisor_auto"", ""escalationReason"": ""SLA breached - automatic escalation"", ""escalationTimestamp"": ""2025-07-01T20:06:18.714521Z"", ""autoEscalated"": true, ""previousLevel"": ""normal"", ""previousRole"": ""bot"", ""slaBreach"": ""Breached""}]","supervisor","2025-06-17 20:18:10.83","2025-06-17 20:18:10.83",NULL,NULL,NULL,NULL,NULL,NULL,NULL,NULL,NULL,NULL,1
36,8,3,"Product Issues Support Request","escalated","2025-06-17 12:18:10.853","2025-06-17 12:18:10.853","medium","you cloud","Pranav Reddy",NULL,1,"2025-06-17 20:18:10.853","human",False,NULL,39,44,24,"2025-06-17 12:18:10.853333",NULL,"India","web",NULL,"normal","SLA breached - automatic escalation","2025-07-01 20:06:18.713","supervisor_auto","Breached",True,"[{""ticketId"": ""TCK-36"", ""escalationLevel"": 1, ""escalatedTo"": ""supervisor_auto"", ""escalationReason"": ""SLA breached - automatic escalation"", ""escalationTimestamp"": ""2025-07-01T20:06:18.714521Z"", ""autoEscalated"": true, ""previousLevel"": ""normal"", ""previousRole"": ""bot"", ""slaBreach"": ""Breached""}]","supervisor","2025-06-17 20:18:10.853","2025-06-17 20:18:10.853",NULL,NULL,NULL,NULL,NULL,NULL,NULL,NULL,NULL,NULL,1
37,8,2,"Product Issues Support Request","escalated","2025-06-19 08:43:07.11","2025-06-19 08:43:07.11","medium","you cloud","Pranav Reddy",NULL,1,"2025-06-19 16:43:07.11","human",False,NULL,38,43,24,"2025-06-19 08:43:07.11",NULL,"India","web",NULL,"normal","SLA breached - automatic escalation","2025-07-01 20:06:18.713","supervisor_auto","Breached",True,"[{""ticketId"": ""TCK-37"", ""escalationLevel"": 1, ""escalatedTo"": ""supervisor_auto"", ""escalationReason"": ""SLA breached - automatic escalation"", ""escalationTimestamp"": ""2025-07-01T20:06:18.714521Z"", ""autoEscalated"": true, ""previousLevel"": ""normal"", ""previousRole"": ""bot"", ""slaBreach"": ""Breached""}]","supervisor","2025-06-19 16:43:07.11","2025-06-19 16:43:07.11",NULL,NULL,NULL,NULL,NULL,NULL,NULL,NULL,NULL,NULL,1
38,8,2,"Product Issues Support Request","escalated","2025-06-19 09:08:40.11","2025-06-19 09:08:40.11","medium","you cloud","Pranav Reddy",NULL,1,"2025-06-19 17:08:40.11","human",False,NULL,37,42,24,"2025-06-19 09:08:40.11",NULL,"India","web",NULL,"normal","SLA breached - automatic escalation","2025-07-01 20:06:18.713","supervisor_auto","Breached",True,"[{""ticketId"": ""TCK-38"", ""escalationLevel"": 1, ""escalatedTo"": ""supervisor_auto"", ""escalationReason"": ""SLA breached - automatic escalation"", ""escalationTimestamp"": ""2025-07-01T20:06:18.714521Z"", ""autoEscalated"": true, ""previousLevel"": ""normal"", ""previousRole"": ""bot"", ""slaBreach"": ""Breached""}]","supervisor","2025-06-19 17:08:40.11","2025-06-19 17:08:40.11",NULL,NULL,NULL,NULL,NULL,NULL,NULL,NULL,NULL,NULL,1
39,8,2,"Product Issues Support Request","escalated","2025-06-19 09:10:19.89","2025-06-19 09:10:19.89","medium","you cloud","Pranav Reddy",NULL,1,"2025-06-19 17:10:19.89","human",False,NULL,36,41,24,"2025-06-19 09:10:19.89",NULL,"India","web",NULL,"normal","SLA breached - automatic escalation","2025-07-01 20:06:18.713","supervisor_auto","Breached",True,"[{""ticketId"": ""TCK-39"", ""escalationLevel"": 1, ""escalatedTo"": ""supervisor_auto"", ""escalationReason"": ""SLA breached - automatic escalation"", ""escalationTimestamp"": ""2025-07-01T20:06:18.714521Z"", ""autoEscalated"": true, ""previousLevel"": ""normal"", ""previousRole"": ""bot"", ""slaBreach"": ""Breached""}]","supervisor","2025-06-19 17:10:19.89","2025-06-19 17:10:19.89",NULL,NULL,NULL,NULL,NULL,NULL,NULL,NULL,NULL,NULL,1
40,8,2,"Product Issues Support Request","escalated","2025-06-19 09:13:09.613","2025-06-19 09:13:09.613","medium","you cloud","Pranav Reddy",NULL,1,"2025-06-19 17:13:09.613","human",False,NULL,NULL,40,24,"2025-06-19 09:13:09.613333",NULL,"India","web",NULL,"normal","SLA breached - automatic escalation","2025-07-01 20:06:18.713","supervisor_auto","Breached",True,"[{""ticketId"": ""TCK-40"", ""escalationLevel"": 1, ""escalatedTo"": ""supervisor_auto"", ""escalationReason"": ""SLA breached - automatic escalation"", ""escalationTimestamp"": ""2025-07-01T20:06:18.714521Z"", ""autoEscalated"": true, ""previousLevel"": ""normal"", ""previousRole"": ""bot"", ""slaBreach"": ""Breached""}]","supervisor","2025-06-19 17:13:09.613","2025-06-19 17:13:09.613",NULL,NULL,NULL,NULL,NULL,NULL,NULL,NULL,NULL,NULL,1
41,8,3,"Technical Glitches Support Request","escalated","2025-06-19 09:25:54.7","2025-06-19 09:25:54.7","medium","you cloud","Pranav Reddy",NULL,1,"2025-06-19 17:25:54.7","human",False,NULL,45,51,24,"2025-06-19 09:25:54.7",NULL,"India","web",NULL,"normal","SLA breached - automatic escalation","2025-07-01 20:06:18.713","supervisor_auto","Breached",True,"[{""ticketId"": ""TCK-41"", ""escalationLevel"": 1, ""escalatedTo"": ""supervisor_auto"", ""escalationReason"": ""SLA breached - automatic escalation"", ""escalationTimestamp"": ""2025-07-01T20:06:18.714521Z"", ""autoEscalated"": true, ""previousLevel"": ""normal"", ""previousRole"": ""bot"", ""slaBreach"": ""Breached""}]","supervisor","2025-06-19 17:25:54.7","2025-06-19 17:25:54.7",NULL,NULL,NULL,NULL,NULL,NULL,NULL,NULL,NULL,NULL,1
42,8,3,"Technical Glitches Support Request","escalated","2025-06-19 09:50:07.55","2025-06-19 09:50:07.55","medium","you cloud","Pranav Reddy",NULL,1,"2025-06-19 17:50:07.55","human",False,NULL,46,52,24,"2025-06-19 09:50:07.55",NULL,"India","web",NULL,"normal","SLA breached - automatic escalation","2025-07-01 20:06:18.713","supervisor_auto","Breached",True,"[{""ticketId"": ""TCK-42"", ""escalationLevel"": 1, ""escalatedTo"": ""supervisor_auto"", ""escalationReason"": ""SLA breached - automatic escalation"", ""escalationTimestamp"": ""2025-07-01T20:06:18.714521Z"", ""autoEscalated"": true, ""previousLevel"": ""normal"", ""previousRole"": ""bot"", ""slaBreach"": ""Breached""}]","supervisor","2025-06-19 17:50:07.55","2025-06-19 17:50:07.55",NULL,NULL,NULL,NULL,NULL,NULL,NULL,NULL,NULL,NULL,1
43,8,12,"Bug Report Support Request","escalated","2025-06-19 10:03:25.797","2025-06-19 10:03:25.797","medium","you cloud","Pranav Reddy",NULL,1,"2025-06-19 18:03:25.797","human",False,NULL,47,53,24,"2025-06-19 10:03:25.796667",NULL,"India","web",NULL,"normal","SLA breached - automatic escalation","2025-07-01 20:06:18.713","supervisor_auto","Breached",True,"[{""ticketId"": ""TCK-43"", ""escalationLevel"": 1, ""escalatedTo"": ""supervisor_auto"", ""escalationReason"": ""SLA breached - automatic escalation"", ""escalationTimestamp"": ""2025-07-01T20:06:18.714521Z"", ""autoEscalated"": true, ""previousLevel"": ""normal"", ""previousRole"": ""bot"", ""slaBreach"": ""Breached""}]","supervisor","2025-06-19 18:03:25.797","2025-06-19 18:03:25.797",NULL,NULL,NULL,NULL,NULL,NULL,NULL,NULL,NULL,NULL,1
47,14,6,"Technical Issues Support Request","open","2025-06-19 18:52:29.143","2025-07-04 21:39:25.773","critical","youcloudtech","Pranav Reddy",NULL,1,"2025-06-19 20:52:29.143","human",False,NULL,51,57,24,"2025-06-19 18:52:29.143333",NULL,"India","web",NULL,"admin",NULL,NULL,NULL,"Breached",NULL,"[{""level"": ""admin"", ""timestamp"": ""2025-07-02T01:20:17.177"", ""reason"": ""Initial escalation level"", ""auto"": false}]","admin","2025-07-09 11:52:29.143","2025-06-19 19:52:29.143",NULL,NULL,NULL,NULL,NULL,NULL,NULL,NULL,NULL,NULL,1
48,8,3,"Technical Glitches Support Request","escalated","2025-06-22 18:14:47.337","2025-06-22 18:15:13.3","medium","you cloud","Pranav Reddy",NULL,1,"2025-06-23 02:14:47.337","human",False,NULL,52,58,24,"2025-06-22 18:14:47.336667",NULL,"India","web",NULL,"normal","SLA breached - automatic escalation","2025-07-01 20:06:18.713","supervisor_auto","Breached",True,"[{""ticketId"": ""TCK-48"", ""escalationLevel"": 1, ""escalatedTo"": ""supervisor_auto"", ""escalationReason"": ""SLA breached - automatic escalation"", ""escalationTimestamp"": ""2025-07-01T20:06:18.714521Z"", ""autoEscalated"": true, ""previousLevel"": ""normal"", ""previousRole"": ""bot"", ""slaBreach"": ""Breached""}]","supervisor","2025-06-23 02:14:47.337","2025-06-23 02:14:47.337",NULL,NULL,NULL,NULL,NULL,NULL,NULL,NULL,NULL,NULL,1
49,8,11,"Feature Request Support Request","escalated","2025-06-23 06:26:16.257","2025-07-01 11:51:46.373","medium","you cloud","Pranav Reddy",NULL,1,"2025-06-23 14:26:16.257","human",False,1,53,59,24,"2025-06-23 06:26:16.256667",NULL,"India","web",NULL,"normal","SLA breached - automatic escalation","2025-07-01 20:06:18.713","supervisor_auto","Breached",True,"[{""ticketId"": ""TCK-49"", ""escalationLevel"": 1, ""escalatedTo"": ""supervisor_auto"", ""escalationReason"": ""SLA breached - automatic escalation"", ""escalationTimestamp"": ""2025-07-01T20:06:18.714521Z"", ""autoEscalated"": true, ""previousLevel"": ""normal"", ""previousRole"": ""bot"", ""slaBreach"": ""Breached""}]","supervisor","2025-06-23 14:26:16.257","2025-06-23 14:26:16.257",NULL,NULL,NULL,NULL,NULL,NULL,NULL,NULL,NULL,NULL,1
54,1,1,"Test Escalation Scenario","escalated","2025-07-01 19:57:01.92","2025-07-01 21:46:47.043","high",NULL,NULL,NULL,1,"2025-07-01 23:57:01.92",NULL,False,NULL,NULL,NULL,24,"2025-07-02 01:27:01.923333",NULL,"Unknown","web",NULL,"admin","SLA breached - automatic escalation","2025-07-01 21:46:47.043","admin_auto","Breached",True,"[{""ticketId"": ""TCK-54"", ""escalationLevel"": 2, ""escalatedTo"": ""admin_auto"", ""escalationReason"": ""SLA breached - automatic escalation"", ""escalationTimestamp"": ""2025-07-01T21:46:47.041956Z"", ""autoEscalated"": true, ""previousLevel"": ""supervisor"", ""previousRole"": ""bot"", ""slaBreach"": ""Breached""}]","admin","2025-07-01 20:12:01.92","2025-07-01 20:12:01.92",NULL,NULL,NULL,NULL,NULL,NULL,NULL,NULL,NULL,NULL,1
58,NULL,1,"API Test Ticket","escalated","2025-07-01 21:50:11.39","2025-07-04 21:39:24.913","medium","Unknown","Anonymous",NULL,1,"2025-07-02 05:50:11.39","human",False,NULL,NULL,60,24,"2025-07-02 03:20:11.41",NULL,"India","web",NULL,"supervisor","SLA breached - automatic escalation","2025-07-04 21:39:24.913","supervisor_auto","Breached",True,"[{""ticketId"": ""TCK-58"", ""escalationLevel"": 1, ""escalatedTo"": ""supervisor_auto"", ""escalationReason"": ""SLA breached - automatic escalation"", ""escalationTimestamp"": ""2025-07-04T21:39:24.912481Z"", ""autoEscalated"": true, ""previousLevel"": ""normal"", ""previousRole"": ""bot"", ""slaBreach"": ""Breached""}]","supervisor","2025-07-02 05:50:11.387","2025-07-02 05:50:11.387",NULL,NULL,NULL,NULL,NULL,NULL,NULL,NULL,NULL,NULL,1
59,8,2,"Product Issues Support Request","escalated","2025-07-01 21:52:28.763","2025-07-04 21:39:24.913","medium","you cloud","Pranav Reddy",NULL,1,"2025-07-02 05:52:28.763","human",False,NULL,54,61,24,"2025-07-02 03:22:28.776667",NULL,"India","web",NULL,"supervisor","SLA breached - automatic escalation","2025-07-04 21:39:24.913","supervisor_auto","Breached",True,"[{""ticketId"": ""TCK-59"", ""escalationLevel"": 1, ""escalatedTo"": ""supervisor_auto"", ""escalationReason"": ""SLA breached - automatic escalation"", ""escalationTimestamp"": ""2025-07-04T21:39:24.912481Z"", ""autoEscalated"": true, ""previousLevel"": ""normal"", ""previousRole"": ""bot"", ""slaBreach"": ""Breached""}]","supervisor","2025-07-02 05:52:28.763","2025-07-02 05:52:28.763",NULL,NULL,NULL,NULL,NULL,NULL,NULL,NULL,NULL,NULL,1
60,NULL,1,"Device Debug","escalated","2025-07-01 21:56:13.773","2025-07-04 21:39:24.913","medium","Unknown","Anonymous",NULL,1,"2025-07-02 05:56:13.773","human",False,NULL,NULL,62,24,"2025-07-02 03:26:13.79",NULL,"India","web",NULL,"supervisor","SLA breached - automatic escalation","2025-07-04 21:39:24.913","supervisor_auto","Breached",True,"[{""ticketId"": ""TCK-60"", ""escalationLevel"": 1, ""escalatedTo"": ""supervisor_auto"", ""escalationReason"": ""SLA breached - automatic escalation"", ""escalationTimestamp"": ""2025-07-04T21:39:24.912481Z"", ""autoEscalated"": true, ""previousLevel"": ""normal"", ""previousRole"": ""bot"", ""slaBreach"": ""Breached""}]","supervisor","2025-07-02 05:56:13.76","2025-07-02 05:56:13.76",NULL,NULL,NULL,NULL,NULL,NULL,NULL,NULL,NULL,NULL,1
61,NULL,1,"Device Debug","escalated","2025-07-01 21:59:05.23","2025-07-04 21:39:24.913","medium","Unknown","Anonymous",NULL,1,"2025-07-02 05:59:05.23","human",False,NULL,NULL,63,24,"2025-07-02 03:29:05.233333",NULL,"India","web",NULL,"supervisor","SLA breached - automatic escalation","2025-07-04 21:39:24.913","supervisor_auto","Breached",True,"[{""ticketId"": ""TCK-61"", ""escalationLevel"": 1, ""escalatedTo"": ""supervisor_auto"", ""escalationReason"": ""SLA breached - automatic escalation"", ""escalationTimestamp"": ""2025-07-04T21:39:24.912481Z"", ""autoEscalated"": true, ""previousLevel"": ""normal"", ""previousRole"": ""bot"", ""slaBreach"": ""Breached""}]","supervisor","2025-07-02 05:59:05.23","2025-07-02 05:59:05.23",NULL,NULL,NULL,NULL,NULL,NULL,NULL,NULL,NULL,NULL,1
62,NULL,1,"API Test Ticket","escalated","2025-07-01 22:00:53.623","2025-07-04 21:39:24.913","medium","Unknown","Anonymous",NULL,1,"2025-07-02 06:00:53.623","human",False,NULL,NULL,64,24,"2025-07-02 03:30:53.623333",NULL,"India","web",NULL,"supervisor","SLA breached - automatic escalation","2025-07-04 21:39:24.913","supervisor_auto","Breached",True,"[{""ticketId"": ""TCK-62"", ""escalationLevel"": 1, ""escalatedTo"": ""supervisor_auto"", ""escalationReason"": ""SLA breached - automatic escalation"", ""escalationTimestamp"": ""2025-07-04T21:39:24.912481Z"", ""autoEscalated"": true, ""previousLevel"": ""normal"", ""previousRole"": ""bot"", ""slaBreach"": ""Breached""}]","supervisor","2025-07-02 06:00:53.617","2025-07-02 06:00:53.617",NULL,NULL,NULL,NULL,NULL,NULL,NULL,NULL,NULL,NULL,1
63,NULL,1,"Debug Test Ticket","escalated","2025-07-01 22:01:56.983","2025-07-04 21:39:24.913","medium","Unknown","Anonymous",NULL,1,"2025-07-02 06:01:56.983","human",False,NULL,NULL,65,24,"2025-07-02 03:31:56.99",NULL,"India","web",NULL,"supervisor","SLA breached - automatic escalation","2025-07-04 21:39:24.913","supervisor_auto","Breached",True,"[{""ticketId"": ""TCK-63"", ""escalationLevel"": 1, ""escalatedTo"": ""supervisor_auto"", ""escalationReason"": ""SLA breached - automatic escalation"", ""escalationTimestamp"": ""2025-07-04T21:39:24.912481Z"", ""autoEscalated"": true, ""previousLevel"": ""normal"", ""previousRole"": ""bot"", ""slaBreach"": ""Breached""}]","supervisor","2025-07-02 06:01:56.983","2025-07-02 06:01:56.983",NULL,NULL,NULL,NULL,NULL,NULL,NULL,NULL,NULL,NULL,1
64,NULL,1,"Debug Test Ticket","escalated","2025-07-01 22:03:01.977","2025-07-04 21:39:24.913","medium","Unknown","Anonymous",NULL,1,"2025-07-02 06:03:01.977","human",False,NULL,NULL,66,24,"2025-07-02 03:33:01.98",NULL,"India","web",NULL,"supervisor","SLA breached - automatic escalation","2025-07-04 21:39:24.913","supervisor_auto","Breached",True,"[{""ticketId"": ""TCK-64"", ""escalationLevel"": 1, ""escalatedTo"": ""supervisor_auto"", ""escalationReason"": ""SLA breached - automatic escalation"", ""escalationTimestamp"": ""2025-07-04T21:39:24.912481Z"", ""autoEscalated"": true, ""previousLevel"": ""normal"", ""previousRole"": ""bot"", ""slaBreach"": ""Breached""}]","supervisor","2025-07-02 06:03:01.977","2025-07-02 06:03:01.977",NULL,NULL,NULL,NULL,NULL,NULL,NULL,NULL,NULL,NULL,1
65,NULL,1,"Device Test After Restart","escalated","2025-07-01 22:09:59.273","2025-07-04 21:39:24.913","medium","Unknown","Anonymous",NULL,1,"2025-07-02 06:09:59.273","human",False,NULL,NULL,67,24,"2025-07-02 03:39:59.286667",NULL,"India","web",NULL,"supervisor","SLA breached - automatic escalation","2025-07-04 21:39:24.913","supervisor_auto","Breached",True,"[{""ticketId"": ""TCK-65"", ""escalationLevel"": 1, ""escalatedTo"": ""supervisor_auto"", ""escalationReason"": ""SLA breached - automatic escalation"", ""escalationTimestamp"": ""2025-07-04T21:39:24.912481Z"", ""autoEscalated"": true, ""previousLevel"": ""normal"", ""previousRole"": ""bot"", ""slaBreach"": ""Breached""}]","supervisor","2025-07-02 06:09:59.267","2025-07-02 06:09:59.267",NULL,NULL,NULL,NULL,NULL,NULL,NULL,NULL,NULL,NULL,1
66,NULL,1,"Device Test After Restart","escalated","2025-07-01 22:11:21.387","2025-07-04 21:39:24.913","medium","Unknown","Anonymous",NULL,1,"2025-07-02 06:11:21.387","human",False,NULL,NULL,68,24,"2025-07-02 03:41:21.39",NULL,"India","web",NULL,"supervisor","SLA breached - automatic escalation","2025-07-04 21:39:24.913","supervisor_auto","Breached",True,"[{""ticketId"": ""TCK-66"", ""escalationLevel"": 1, ""escalatedTo"": ""supervisor_auto"", ""escalationReason"": ""SLA breached - automatic escalation"", ""escalationTimestamp"": ""2025-07-04T21:39:24.912481Z"", ""autoEscalated"": true, ""previousLevel"": ""normal"", ""previousRole"": ""bot"", ""slaBreach"": ""Breached""}]","supervisor","2025-07-02 06:11:21.387","2025-07-02 06:11:21.387",NULL,NULL,NULL,NULL,NULL,NULL,NULL,NULL,NULL,NULL,1
67,NULL,1,"Device Test After Restart","escalated","2025-07-01 22:14:54.33","2025-07-04 21:39:24.913","medium","Unknown","Anonymous",NULL,1,"2025-07-02 06:14:54.33","human",False,NULL,NULL,69,24,"2025-07-02 03:44:54.333333",NULL,"India","web",NULL,"supervisor","SLA breached - automatic escalation","2025-07-04 21:39:24.913","supervisor_auto","Breached",True,"[{""ticketId"": ""TCK-67"", ""escalationLevel"": 1, ""escalatedTo"": ""supervisor_auto"", ""escalationReason"": ""SLA breached - automatic escalation"", ""escalationTimestamp"": ""2025-07-04T21:39:24.912481Z"", ""autoEscalated"": true, ""previousLevel"": ""normal"", ""previousRole"": ""bot"", ""slaBreach"": ""Breached""}]","supervisor","2025-07-02 06:14:54.3","2025-07-02 06:14:54.3","desktop","Windows","Chrome","120.0.0.0","10.0",NULL,NULL,"desktop_Chrome_Windows","Mozilla/5.0 (Windows NT 10.0; Win64; x64) AppleWebKit/537.36 (KHTML, like Gecko) Chrome/120.0.0.0 Safari/537.36","192.168.1.100",1
68,NULL,1,"Device Test After Restart","escalated","2025-07-01 22:15:17.443","2025-07-04 21:39:24.913","medium","Unknown","Anonymous",NULL,1,"2025-07-02 06:15:17.443","human",False,NULL,NULL,70,24,"2025-07-02 03:45:17.446667",NULL,"India","web",NULL,"supervisor","SLA breached - automatic escalation","2025-07-04 21:39:24.913","supervisor_auto","Breached",True,"[{""ticketId"": ""TCK-68"", ""escalationLevel"": 1, ""escalatedTo"": ""supervisor_auto"", ""escalationReason"": ""SLA breached - automatic escalation"", ""escalationTimestamp"": ""2025-07-04T21:39:24.912481Z"", ""autoEscalated"": true, ""previousLevel"": ""normal"", ""previousRole"": ""bot"", ""slaBreach"": ""Breached""}]","supervisor","2025-07-02 06:15:17.443","2025-07-02 06:15:17.443","desktop","Windows","Chrome","120.0.0.0","10.0",NULL,NULL,"desktop_Chrome_Windows","Mozilla/5.0 (Windows NT 10.0; Win64; x64) AppleWebKit/537.36 (KHTML, like Gecko) Chrome/120.0.0.0 Safari/537.36","192.168.1.100",1
69,NULL,1,"Device Test After Restart","escalated","2025-07-01 22:17:33.527","2025-07-04 21:39:24.913","medium","Unknown","Anonymous",NULL,1,"2025-07-02 06:17:33.527","human",False,NULL,NULL,71,24,"2025-07-02 03:47:33.54",NULL,"India","web",NULL,"supervisor","SLA breached - automatic escalation","2025-07-04 21:39:24.913","supervisor_auto","Breached",True,"[{""ticketId"": ""TCK-69"", ""escalationLevel"": 1, ""escalatedTo"": ""supervisor_auto"", ""escalationReason"": ""SLA breached - automatic escalation"", ""escalationTimestamp"": ""2025-07-04T21:39:24.912481Z"", ""autoEscalated"": true, ""previousLevel"": ""normal"", ""previousRole"": ""bot"", ""slaBreach"": ""Breached""}]","supervisor","2025-07-02 06:17:33.527","2025-07-02 06:17:33.527","desktop","Windows","Chrome","120.0.0.0","10.0",NULL,NULL,"desktop_Chrome_Windows","Mozilla/5.0 (Windows NT 10.0; Win64; x64) AppleWebKit/537.36 (KHTML, like Gecko) Chrome/120.0.0.0 Safari/537.36","192.168.1.100",1
70,NULL,1,"Final Device Verification Test","escalated","2025-07-01 22:18:49.52","2025-07-04 21:39:24.913","medium","Unknown","Anonymous",NULL,1,"2025-07-02 06:18:49.52","human",False,NULL,NULL,72,24,"2025-07-02 03:48:49.523333",NULL,"India","web",NULL,"supervisor","SLA breached - automatic escalation","2025-07-04 21:39:24.913","supervisor_auto","Breached",True,"[{""ticketId"": ""TCK-70"", ""escalationLevel"": 1, ""escalatedTo"": ""supervisor_auto"", ""escalationReason"": ""SLA breached - automatic escalation"", ""escalationTimestamp"": ""2025-07-04T21:39:24.912481Z"", ""autoEscalated"": true, ""previousLevel"": ""normal"", ""previousRole"": ""bot"", ""slaBreach"": ""Breached""}]","supervisor","2025-07-02 06:18:49.52","2025-07-02 06:18:49.52","desktop","Windows","Chrome","120.0.0.0","10.0",NULL,NULL,"desktop_Chrome_Windows","Mozilla/5.0 (Windows NT 10.0; Win64; x64) AppleWebKit/537.36 (KHTML, like Gecko) Chrome/120.0.0.0 Safari/537.36","192.168.1.100",1
71,NULL,1,"Debug Test Ticket","escalated","2025-07-04 09:53:36.84","2025-07-04 21:39:24.913","medium","Unknown","Anonymous",NULL,1,"2025-07-04 17:53:36.84","human",False,NULL,NULL,NULL,24,"2025-07-04 15:23:36.856667",NULL,"India","web",NULL,"supervisor","SLA breached - automatic escalation","2025-07-04 21:39:24.913","supervisor_auto","Breached",True,"[{""ticketId"": ""TCK-71"", ""escalationLevel"": 1, ""escalatedTo"": ""supervisor_auto"", ""escalationReason"": ""SLA breached - automatic escalation"", ""escalationTimestamp"": ""2025-07-04T21:39:24.912481Z"", ""autoEscalated"": true, ""previousLevel"": ""normal"", ""previousRole"": ""bot"", ""slaBreach"": ""Breached""}]","supervisor","2025-07-04 17:53:36.797","2025-07-04 17:53:36.797","desktop","Windows","Chrome","120.0.0.0","10.0",NULL,NULL,"desktop_Chrome_Windows","Mozilla/5.0 (Windows NT 10.0; Win64; x64) AppleWebKit/537.36 (KHTML, like Gecko) Chrome/120.0.0.0 Safari/537.36","192.168.1.100",1
72,NULL,1,"API Test Ticket","escalated","2025-07-04 09:53:37.29","2025-07-04 21:39:24.913","medium","Unknown","Anonymous",NULL,1,"2025-07-04 17:53:37.29","human",False,NULL,NULL,NULL,24,"2025-07-04 15:23:37.3",NULL,"India","web",NULL,"supervisor","SLA breached - automatic escalation","2025-07-04 21:39:24.913","supervisor_auto","Breached",True,"[{""ticketId"": ""TCK-72"", ""escalationLevel"": 1, ""escalatedTo"": ""supervisor_auto"", ""escalationReason"": ""SLA breached - automatic escalation"", ""escalationTimestamp"": ""2025-07-04T21:39:24.912481Z"", ""autoEscalated"": true, ""previousLevel"": ""normal"", ""previousRole"": ""bot"", ""slaBreach"": ""Breached""}]","supervisor","2025-07-04 17:53:37.277","2025-07-04 17:53:37.277","desktop","Windows","Unknown","0.0","10.0",NULL,NULL,"desktop_Unknown_Windows","Mozilla/5.0 (Windows NT 10.0; Win64; x64) AppleWebKit/537.36","127.0.0.1",1
51,13,1,"Password Reset Request","escalated","2025-07-01 09:31:58.523","2025-07-01 11:44:29.577","medium","XYZ Company","Jane Smith",NULL,1,"2025-07-01 17:31:58.523",NULL,False,1,NULL,NULL,24,"2025-07-01 15:01:58.526667",NULL,"India","web",NULL,"normal","SLA breached - automatic escalation","2025-07-01 20:06:18.713","supervisor_auto","Breached",True,"[{""ticketId"": ""TCK-51"", ""escalationLevel"": 1, ""escalatedTo"": ""supervisor_auto"", ""escalationReason"": ""SLA breached - automatic escalation"", ""escalationTimestamp"": ""2025-07-01T20:06:18.714521Z"", ""autoEscalated"": true, ""previousLevel"": ""normal"", ""previousRole"": ""bot"", ""slaBreach"": ""Breached""}]","supervisor","2025-07-01 17:31:58.523","2025-07-01 17:31:58.523",NULL,NULL,NULL,NULL,NULL,NULL,NULL,NULL,NULL,NULL,1
52,13,1,"Software License Issue","escalated","2025-07-01 09:31:58.533","2025-07-01 09:31:58.533","high","Tech Solutions Inc","Bob Johnson",NULL,1,"2025-07-01 13:31:58.533",NULL,False,NULL,NULL,NULL,24,"2025-07-01 15:01:58.536667",NULL,"India","web",NULL,"supervisor","SLA breached - automatic escalation","2025-07-01 20:06:18.713","admin_auto","Breached",True,"[{""level"": ""supervisor"", ""timestamp"": ""2025-07-02T01:20:17.177"", ""reason"": ""Initial escalation level"", ""auto"": false}, {""ticketId"": ""TCK-52"", ""escalationLevel"": 2, ""escalatedTo"": ""admin_auto"", ""escalationReason"": ""SLA breached - automatic escalation"", ""escalationTimestamp"": ""2025-07-01T20:06:18.714521Z"", ""autoEscalated"": true, ""previousLevel"": ""supervisor"", ""previousRole"": ""supervisor"", ""slaBreach"": ""Breached""}]","admin","2025-07-01 13:31:58.533","2025-07-01 13:31:58.533",NULL,NULL,NULL,NULL,NULL,NULL,NULL,NULL,NULL,NULL,1
53,13,1,"General Question","escalated","2025-07-01 09:31:58.543","2025-07-01 11:45:19.243","low","Small Business LLC","Alice Brown",NULL,1,"2025-07-02 09:31:58.543",NULL,False,1,NULL,NULL,24,"2025-07-01 15:01:58.546667",NULL,"India","web",NULL,"normal",NULL,NULL,NULL,"Within SLA",NULL,NULL,"bot","2025-07-02 09:31:58.543","2025-07-02 09:31:58.543",NULL,NULL,NULL,NULL,NULL,NULL,NULL,NULL,NULL,NULL,1
76,8,5,"General Support Support Request","escalated","2025-07-11 06:50:44.997","2025-08-04 18:59:21.722","medium","you cloud","Pranav Reddy",NULL,1,"2025-08-04 22:59:21.721796","human",False,NULL,NULL,NULL,24,"2025-07-11 12:20:45.023333",NULL,"India","web",NULL,"supervisor","SLA breached - automatic escalation","2025-07-22 07:02:00.25","supervisor_auto","Breached",True,"[{""ticketId"": ""TCK-76"", ""escalationLevel"": 1, ""escalatedTo"": ""supervisor_auto"", ""escalationReason"": ""SLA breached - automatic escalation"", ""escalationTimestamp"": ""2025-07-22T07:02:00.251379Z"", ""autoEscalated"": true, ""previousLevel"": ""normal"", ""previousRole"": ""bot"", ""slaBreach"": ""Breached""}]","supervisor","2025-07-11 14:50:44.99","2025-07-11 14:50:44.99","desktop","Windows","Chrome","138.0.0.0","10.0",NULL,NULL,"desktop_Chrome_Windows","Mozilla/5.0 (Windows NT 10.0; Win64; x64) AppleWebKit/537.36 (KHTML, like Gecko) Chrome/138.0.0.0 Safari/537.36","127.0.0.1",1
81,NULL,3,"Technical Glitches","open","2025-07-31 10:22:00.37","2025-08-04 18:59:21.722","medium","YC","Pranav",NULL,NULL,"2025-08-04 22:59:21.721796",NULL,NULL,NULL,NULL,NULL,NULL,NULL,NULL,NULL,NULL,NULL,NULL,NULL,NULL,NULL,NULL,NULL,NULL,NULL,NULL,NULL,NULL,NULL,NULL,NULL,NULL,NULL,NULL,NULL,NULL,NULL,1
82,NULL,6,"Technical Issues","open","2025-07-31 10:22:00.375","2025-08-04 18:59:21.722","medium","Hi","Pranav",NULL,NULL,"2025-08-04 22:59:21.721796",NULL,NULL,NULL,NULL,NULL,NULL,NULL,NULL,NULL,NULL,NULL,NULL,NULL,NULL,NULL,NULL,NULL,NULL,NULL,NULL,NULL,NULL,NULL,NULL,NULL,NULL,NULL,NULL,NULL,NULL,NULL,1
